{
  "image_width": 1280,
  "image_height": 720,
  "kps": {
    "0": [
      428.6167032595845,
      234.72107752068905
    ],
    "1": [
      471.8526431346056,
      283.72180937904636
    ]
  },
  "keypoint_names": [
    "Grasp",
    "Func"
  ],
  "keypoints_xyv": [
    [
      428.6167032595845,
      234.72107752068905,
      1.0
    ],
    [
      471.8526431346056,
      283.72180937904636,
      1.0
    ]
  ]
}